date,title,description,best_result_raw,best_result_display,score_type,barbell_lift,set_details,notes,rx_or_scaled,pr
07/04/2023,Tuesday 7.4.2023 Coach Marcus/Dana,12:00 EMOMMinute 1: 13 Cal RowMinute 2: 11 Push Press 75#/55#Minute 3: 7 HSPUMinute 4: Rest,1,Yes,Checkbox,,"[{""boolean"":1}]",Kept all sets of 5 touch and go,RX,
07/10/2023,Monday 7.10.2023 Coach Dana/Marcus,FOR TIME:5 Rounds:13 Burpees12 Toes-to-Bar7 Overhead Squats 95#/65#,956,15:56,,,"[{""mins"":15,""secs"":56}]",Quick singles on the bar work paid off,SCALED,
07/11/2023,Tuesday - 7.11.2023,20:00 AMRAP15 Burpees13 Pull-Ups8 Thrusters 95#/65#,224,224,Reps,,"[{""reps"":224}]",,SCALED,
07/12/2023,Wednesday - 7.12.2023,20:00 AMRAP8 HSPU400m Run21 Walking Lunges,275,275,Reps,,"[{""reps"":275}]",Cardio is coming back 💪,RX,
07/14/2023,Friday - 7.14.2023,"FOR TIME:4 Rounds:20 Box Jumps 24""/20""400m Run14 KB Swings 53#/35#",842,14:02,,,"[{""mins"":14,""secs"":2}]",Shoulder felt good again finally,RX,
07/18/2023,SKILL - Double Unders,Spend 12:00 practicing double unders.Rate how it felt.,3,3,Emoji Selection,,"[{""index"":3}]","Slow and steady, just wanted to move today",RX,
07/20/2023,Thursday - 7.20.2023,15:00 AMRAP13 Wall Balls 20#/14#16 Push-Ups13 Cal Row,273,273,Reps,,"[{""reps"":273}]",,SCALED,
07/22/2023,Saturday - 7.22.2023,"10:00 AMRAP7 HSPU29 Walking Lunges16 Box Step-Ups 24""/20""",4,4+6,Rounds + Reps,,"[{""rnds"":4,""reps"":6}]",,RX,
07/29/2023,Saturday - 7.29.2023,FOR TIME:21-15-920 KB Swings 53#/35#8 Toes-to-Bar,616,10:16,,,"[{""mins"":10,""secs"":16}]",,SCALED,
07/31/2023,Monday - 7.31.2023,Partner WOD:80 Cal Row60 Wall Balls 20#/14#40 BurpeesSplit as needed.,,Made it through 4 rounds,Other / Text,,"[{""other"":""Made it through 4 rounds""}]",Quick singles on the bar work paid off,RX,
08/02/2023,Wednesday - 8.2.2023,"FOR TIME:5 Rounds:24 Air Squats17 Walking Lunges16 Box Jumps 24""/20""",589,9:49,,,"[{""mins"":9,""secs"":49}]","Paced the row, sprinted the finish",SCALED,
08/03/2023,Bench Press 3x3,"3 sets of 3 reps.Across, building from last week.",130,130,Load,Bench Press,"[{""load"":120,""success"":true},{""load"":125,""success"":true},{""load"":130,""success"":true}]","Paced the row, sprinted the finish",RX,
08/04/2023,Friday - 8.4.2023,20:00 AMRAP36 Double Unders13 KB Swings 53#/35#17 Walking Lunges,210,210,Reps,,"[{""reps"":210}]",Cardio is coming back 💪,RX,
08/07/2023,Monday 8.7.2023 Coach Dana/Marcus,FOR TIME:50 HSPU40 Push Press 75#/55#30 Rope Climbs20 Power Cleans 135#/95#10 Cal Row,1449,24:09,,,"[{""mins"":24,""secs"":9}]",Scaled to 65# — form over ego,SCALED,
08/09/2023,Wednesday - 8.9.2023,20:00 AMRAP9 HSPU14 Pull-Ups10 Front Squats 115#/85#,301,301,Reps,,"[{""reps"":301}]",Grip was the limiter today,RX,
08/11/2023,Deadlift 3x3,"3 sets of 3 reps.Across, building from last week.",210,210,Load,Deadlift,"[{""load"":200,""success"":true},{""load"":205,""success"":true},{""load"":210,""success"":true}]",Best engine day in a while 🔥,RX,
08/16/2023,Bench Press 5x5,"5 sets of 5 reps.Across, building from last week.",130,130,Load,Bench Press,"[{""load"":110,""success"":true},{""load"":115,""success"":true},{""load"":120,""success"":true}]",Kept all sets of 5 touch and go,RX,
08/17/2023,Thursday - 8.17.2023,FOR TIME:50 Power Cleans 135#/95#400m Run30 Walking Lunges20 Deadlifts 185#/125#10 Front Squats 115#/85#,933,15:33,,,"[{""mins"":15,""secs"":33}]",Should have gone heavier,RX,
08/23/2023,Wednesday - 8.23.2023,15:00 AMRAP15 Deadlifts 185#/125#6 Overhead Squats 95#/65#14 Pull-Ups,231,231,Reps,,"[{""reps"":231}]","Paced the row, sprinted the finish",RX,
08/24/2023,Thursday - 8.24.2023,FOR TIME:50 Pull-Ups40 Power Cleans 135#/95#30 Toes-to-Bar20 Rope Climbs10 Walking Lunges,723,12:03,,,"[{""mins"":12,""secs"":3}]",Shoulder felt good again finally,SCALED,
08/29/2023,Tuesday - 8.29.2023,"FOR TIME:50 Walking Lunges40 Box Jumps 24""/20""30 Deadlifts 185#/125#20 Cal Row10 Rope Climbs",1048,17:28,,,"[{""mins"":17,""secs"":28}]","Slow and steady, just wanted to move today",SCALED,
08/30/2023,"""HELEN""",FOR TIME:3 Rounds:400m Run21 KB Swings 53#/35#12 Pull-Ups,838,13:58,,,"[{""mins"":13,""secs"":58}]",,RX,
08/31/2023,Thursday - 8.31.2023,FOR TIME:50 Sit-Ups200m Run30 Burpees20 Air Squats10 Toes-to-Bar,1300,21:40,,,"[{""mins"":21,""secs"":40}]",Quick singles on the bar work paid off,RX,
09/02/2023,Saturday - 9.2.2023,15:00 AMRAP9 Front Squats 115#/85#19 KB Swings 53#/35#29 Air Squats,287,287,Reps,,"[{""reps"":287}]","Banded pull-ups, still building back strength",SCALED,
09/05/2023,Tuesday - 9.5.2023,"FOR TIME:200m Run40 Sit-Ups30 KB Swings 53#/35#20 Box Step-Ups 24""/20""10 Box Jumps 24""/20""",1238,20:38,,,"[{""mins"":20,""secs"":38}]",Grip was the limiter today,RX,
09/08/2023,Friday - 9.8.2023,10:00 AMRAP9 Burpees10 Power Cleans 135#/95#3 Rope Climbs,165,165,Reps,,"[{""reps"":165}]",,RX,
09/11/2023,Monday - 9.11.2023,FOR TIME:5 Rounds:11 Front Squats 115#/85#23 Wall Balls 20#/14#14 Cal Row,1068,17:48,,,"[{""mins"":17,""secs"":48}]",Went lighter to keep moving the whole time,SCALED,
09/14/2023,Thursday - 9.14.2023,"16:00 EMOMMinute 1: 200m RunMinute 2: 20 Box Step-Ups 24""/20""Minute 3: 32 Double UndersMinute 4: Rest",236,236,Reps,,"[{""reps"":236}]",,SCALED,
09/18/2023,Monday - 9.18.2023,FOR TIME:50 Overhead Squats 95#/65#40 Cal Row30 KB Swings 53#/35#20 Deadlifts 185#/125#10 Front Squats 115#/85#,829,13:49,,,"[{""mins"":13,""secs"":49}]","Subbed step-ups for box jumps, knee acting up",SCALED,
09/19/2023,Bench Press 3x3,"3 sets of 3 reps.Across, building from last week.",130,130,Load,Bench Press,"[{""load"":120,""success"":true},{""load"":125,""success"":true},{""load"":130,""success"":true}]",Cardio is coming back 💪,RX,
09/20/2023,Wednesday - 9.20.2023,12:00 AMRAP15 Wall Balls 20#/14#3 Rope Climbs28 Walking Lunges,322,322,Reps,,"[{""reps"":322}]",Felt strong — breathing stayed under control,RX,
09/23/2023,Saturday - 9.23.2023,Partner WOD:80 Cal Row60 Wall Balls 20#/14#40 BurpeesSplit as needed.,,Worked to a smooth set of 3,Other / Text,,"[{""other"":""Worked to a smooth set of 3""}]",,RX,
09/27/2023,Deadlift 3x3,"3 sets of 3 reps.Across, building from last week.",215,215,Load,Deadlift,"[{""load"":205,""success"":true},{""load"":210,""success"":true},{""load"":215,""success"":true}]","Coach fixed my pull timing, huge difference",RX,
09/28/2023,Thursday 9.28.2023 Coach Dana/Priya,FOR TIME:21-15-910 Burpees37 Double Unders,322,5:22,,,"[{""mins"":5,""secs"":22}]",,RX,
09/30/2023,Saturday - 9.30.2023,10:00 AMRAP6 HSPU14 Deadlifts 185#/125#15 Burpees,5,5+5,Rounds + Reps,,"[{""rnds"":5,""reps"":5}]",Should have gone heavier,RX,
10/02/2023,Monday - 10.2.2023,FOR TIME:4 Rounds:21 Air Squats13 KB Swings 53#/35#29 Walking Lunges,504,8:24,,,"[{""mins"":8,""secs"":24}]","Subbed step-ups for box jumps, knee acting up",SCALED,
10/05/2023,Thursday 10.5.2023 Coach Dana/Dana,FOR TIME:4 Rounds:8 Overhead Squats 95#/65#16 Sit-Ups13 Thrusters 95#/65#,902,15:02,,,"[{""mins"":15,""secs"":2}]",,RX,
10/06/2023,STRENGTH - Bench Press,In a 20 minute windowBuild to a heavy triple Bench Press.,165,165,Load,Bench Press,"[{""load"":165,""success"":true}]","Transitions killed me, need to move faster between stations",RX,
10/09/2023,Monday - 10.9.2023,"10:00 AMRAP12 Box Jumps 24""/20""50 Double Unders11 Push Press 75#/55#",270,270,Reps,,"[{""reps"":270}]","Slow and steady, just wanted to move today",RX,
10/10/2023,Tuesday 10.10.2023 Coach Priya/Jo,"15:00 AMRAP14 Box Step-Ups 24""/20""13 KB Swings 53#/35#19 Air Squats",153,153,Reps,,"[{""reps"":153}]","Paced the row, sprinted the finish",RX,
10/11/2023,Wednesday - 10.11.2023,16:00 EMOMMinute 1: 400m RunMinute 2: 200m RunMinute 3: 15 Cal RowMinute 4: Rest,1,Yes,Checkbox,,"[{""boolean"":1}]",Half the double unders as singles,SCALED,
10/12/2023,Thursday - 10.12.2023,"FOR TIME:5 Rounds:11 Box Jumps 24""/20""26 Air Squats11 Toes-to-Bar*16:00 TIME CAP",940,15:40,,,"[{""mins"":15,""secs"":40}]",,RX,
10/13/2023,Friday 10.13.2023 Coach Marcus/Theo,"FOR TIME:21-15-910 Deadlifts 185#/125#16 Box Step-Ups 24""/20""",624,10:24,,,"[{""mins"":10,""secs"":24}]",Scaled the HSPU to pike push-ups,SCALED,
10/17/2023,CORE,3 Rounds:15 Hollow Rocks20 Flutter Kicks30s Plank,1,Yes,Checkbox,,"[{""boolean"":1}]",,RX,
10/18/2023,Wednesday - 10.18.2023,FOR TIME:50 Power Cleans 135#/95#40 Cal Row30 Wall Balls 20#/14#20 KB Swings 53#/35#10 Burpees,749,12:29,,,"[{""mins"":12,""secs"":29}]",Kept all sets of 5 touch and go,RX,
10/19/2023,SKILL - Handstands,Spend 12:00 practicing handstands.Rate how it felt.,5,5,Emoji Selection,,"[{""index"":5}]",,RX,
10/24/2023,STRENGTH - Deadlifts,In a 20 minute windowBuild to a heavy single Deadlift.,270,270,Load,Deadlift,"[{""load"":270,""success"":true}]",,RX,
10/27/2023,Friday - 10.27.2023,"FOR TIME:21-15-916 Box Jumps 24""/20""14 Thrusters 95#/65#",653,10:53,,,"[{""mins"":10,""secs"":53}]","Paced the row, sprinted the finish",RX,
10/30/2023,Monday - 10.30.2023,"15:00 AMRAP200m Run18 Box Step-Ups 24""/20""10 Deadlifts 185#/125#",8,8+8,Rounds + Reps,,"[{""rnds"":8,""reps"":8}]","Went out too hot, paid for it on round 3",RX,
11/02/2023,Thursday - 11.2.2023,FOR TIME:50 Push Press 75#/55#200m Run30 Wall Balls 20#/14#20 HSPU400m Run,631,10:31,,,"[{""mins"":10,""secs"":31}]",Should have gone heavier,RX,
11/03/2023,Deadlift 5x3,"5 sets of 3 reps.Across, building from last week.",220,220,Load,Deadlift,"[{""load"":200,""success"":true},{""load"":205,""success"":true},{""load"":210,""success"":true}]",,RX,
11/07/2023,Tuesday - 11.7.2023,FOR TIME:4 Rounds:14 Toes-to-Bar8 Power Cleans 135#/95#24 Air Squats,1035,17:15,,,"[{""mins"":17,""secs"":15}]",,RX,
11/11/2023,Post-WOD Core,3 Rounds:15 Hollow Rocks20 Flutter Kicks30s Plank,1,Yes,Checkbox,,"[{""boolean"":1}]",,RX,
11/14/2023,Tuesday - 11.14.2023,"15:00 AMRAP13 Push Press 75#/55#17 Box Jumps 24""/20""8 Pull-Ups",376,376,Reps,,"[{""reps"":376}]",Scaled to 65# — form over ego,SCALED,
11/15/2023,Wednesday - 11.15.2023,FOR TIME:5 Rounds:15 Deadlifts 185#/125#21 Sit-Ups8 Front Squats 115#/85#*19:00 TIME CAP,1019,16:59,,,"[{""mins"":16,""secs"":59}]",,RX,
11/16/2023,Thursday - 11.16.2023,"15:00 AMRAP8 Toes-to-Bar16 Box Step-Ups 24""/20""17 Box Jumps 24""/20""",6,6+7,Rounds + Reps,,"[{""rnds"":6,""reps"":7}]","Paced the row, sprinted the finish",SCALED,
11/21/2023,CORE,3 Rounds:15 Hollow Rocks20 Flutter Kicks30s Plank,1,Yes,Checkbox,,"[{""boolean"":1}]",,RX,
11/23/2023,"""GRACE""",FOR TIME:30 Clean and Jerks 135#/95#,270,4:30,,,"[{""mins"":4,""secs"":30}]",Should have gone heavier,SCALED,
12/01/2023,Box Jump: Max Height,Work to a max height box jump.15:00 window.,28,28,Inches,,"[{""inches"":28}]",Plates stacked on the big box,RX,
12/05/2023,Tuesday - 12.5.2023,FOR TIME:21-15-913 Push Press 75#/55#2 Rope Climbs,324,5:24,,,"[{""mins"":5,""secs"":24}]","Slow and steady, just wanted to move today",RX,
12/22/2023,Friday 12.22.2023 Coach Marcus/Dana,10:00 AMRAP20 KB Swings 53#/35#13 Thrusters 95#/65#14 Cal Row,336,336,Reps,,"[{""reps"":336}]",Grip was the limiter today,SCALED,
12/25/2023,Push Press 5x3,"5 sets of 3 reps.Across, building from last week.",110,110,Load,Push Press,"[{""load"":90,""success"":true},{""load"":95,""success"":true},{""load"":100,""success"":true}]",Best engine day in a while 🔥,RX,
12/26/2023,Tuesday - 12.26.2023,"16:00 EMOMMinute 1: 20 Cal RowMinute 2: 20 Box Step-Ups 24""/20""Minute 3: 3 Rope ClimbsMinute 4: Rest",1,Yes,Checkbox,,"[{""boolean"":1}]",That one hurt. In a good way.,RX,
12/29/2023,Friday - 12.29.2023,20:00 AMRAP41 Double Unders8 Power Cleans 135#/95#13 Push Press 75#/55#,296,296,Reps,,"[{""reps"":296}]",,RX,
01/01/2024,Monday - 1.1.2024,FOR TIME:50 KB Swings 53#/35#40 Hang Snatches 95#/65#30 Double Unders20 Walking Lunges200m Run,850,14:10,,,"[{""mins"":14,""secs"":10}]","Subbed step-ups for box jumps, knee acting up",SCALED,
01/02/2024,Tuesday - 1.2.2024,12:00 AMRAP29 Air Squats9 Front Squats 115#/85#200m Run,222,222,Reps,,"[{""reps"":222}]",,RX,
01/03/2024,Wednesday - 1.3.2024,FOR TIME:4 Rounds:11 Toes-to-Bar200m Run13 Deadlifts 185#/125#*17:00 TIME CAP,1031,17:11,,,"[{""mins"":17,""secs"":11}]",That one hurt. In a good way.,RX,
01/04/2024,STRENGTH - Snatches,In a 20 minute windowBuild to a 1RM Snatch.,115,115,Load,Snatch,"[{""load"":115,""success"":true}]","Transitions killed me, need to move faster between stations",RX,
01/05/2024,STRENGTH - Snatches,In a 20 minute windowBuild to a heavy single Snatch.,105,105,Load,Snatch,"[{""load"":105,""success"":true}]",,RX,
01/08/2024,Monday - 1.8.2024,12:00 EMOMMinute 1: 11 BurpeesMinute 2: 11 Front Squats 115#/85#Minute 3: 200m RunMinute 4: Rest,148,148,Reps,,"[{""reps"":148}]",Went lighter to keep moving the whole time,SCALED,
01/09/2024,STRENGTH - Bench Press,In a 20 minute windowBuild to a heavy single Bench Press.,155,155,Load,Bench Press,"[{""load"":155,""success"":true}]",Grip was the limiter today,RX,
01/11/2024,Thursday - 1.11.2024,15:00 AMRAP15 Thrusters 95#/65#14 Pull-Ups2 Rope Climbs,180,180,Reps,,"[{""reps"":180}]",,RX,
01/13/2024,"""FRAN""",FOR TIME:21-15-9Thrusters 95#/65#Pull-Ups,473,7:53,,,"[{""mins"":7,""secs"":53}]",Scaled to 65# — form over ego,SCALED,
01/15/2024,STRENGTH - Push Presses,In a 20 minute windowBuild to a 1RM Push Press.,135,135,Load,Push Press,"[{""load"":135,""success"":true}]",Best engine day in a while 🔥,RX,
01/16/2024,Tuesday - 1.16.2024,12:00 AMRAP27 Air Squats13 Thrusters 95#/65#10 Deadlifts 185#/125#,4,4+5,Rounds + Reps,,"[{""rnds"":4,""reps"":5}]",Legs were toast from yesterday,RX,
01/20/2024,Saturday 1.20.2024 Coach Priya/Marcus,12:00 AMRAP12 Front Squats 115#/85#14 Deadlifts 185#/125#30 Air Squats,330,330,Reps,,"[{""reps"":330}]",,SCALED,
01/22/2024,Monday - 1.22.2024,FOR TIME:21-15-914 Cal Row9 Hang Snatches 95#/65#,423,7:03,,,"[{""mins"":7,""secs"":3}]",Grip was the limiter today,RX,
01/24/2024,STRENGTH - Power Cleans,In a 20 minute windowBuild to a heavy single Power Clean.,150,150,Load,Power Clean,"[{""load"":150,""success"":true}]",Shoulder felt good again finally,RX,
01/29/2024,STRENGTH - Deadlifts,In a 20 minute windowBuild to a 1RM Deadlift.,280,280,Load,Deadlift,"[{""load"":280,""success"":true}]",280# — five pound PR,RX,PR
01/30/2024,Tuesday - 1.30.2024,FOR TIME:50 Front Squats 115#/85#40 Walking Lunges400m Run20 Push-Ups10 Air Squats,814,13:34,,,"[{""mins"":13,""secs"":34}]",,RX,
02/02/2024,Friday - 2.2.2024,FOR TIME:50 Cal Row40 Deadlifts 185#/125#30 Double Unders20 Push Press 75#/55#10 HSPU,1463,24:23,,,"[{""mins"":24,""secs"":23}]",,RX,
02/05/2024,Monday - 2.5.2024,FOR TIME:21-15-921 Sit-Ups4 Rope Climbs,325,5:25,,,"[{""mins"":5,""secs"":25}]",Kept all sets of 5 touch and go,RX,
02/06/2024,STRENGTH - Deadlifts,In a 20 minute windowBuild to a 1RM Deadlift.,265,265,Load,Deadlift,"[{""load"":265,""success"":true}]",Should have gone heavier,RX,
02/08/2024,Thursday - 2.8.2024,20:00 EMOMMinute 1: 10 Push Press 75#/55#Minute 2: 200m RunMinute 3: 2 Rope ClimbsMinute 4: Rest,1,Yes,Checkbox,,"[{""boolean"":1}]","Paced the row, sprinted the finish",RX,
02/09/2024,Friday 2.9.2024 Coach Theo/Val,FOR TIME:50 Thrusters 95#/65#40 Wall Balls 20#/14#30 Rope Climbs20 Front Squats 115#/85#10 Power Cleans 135#/95#,1255,20:55,,,"[{""mins"":20,""secs"":55}]",,SCALED,
02/13/2024,Tuesday - 2.13.2024,12:00 EMOMMinute 1: 8 Thrusters 95#/65#Minute 2: 46 Double UndersMinute 3: 10 Pull-UpsMinute 4: Rest,1,Yes,Checkbox,,"[{""boolean"":1}]",Scaled to 65# — form over ego,SCALED,
02/15/2024,Thursday - 2.15.2024,FOR TIME:21-15-9200m Run12 Burpees,595,9:55,,,"[{""mins"":9,""secs"":55}]",Kept all sets of 5 touch and go,RX,
02/17/2024,Saturday 2.17.2024 Coach Theo/Val,FOR TIME:21-15-910 Power Cleans 135#/95#2 Rope Climbs,369,6:09,,,"[{""mins"":6,""secs"":9}]","Subbed step-ups for box jumps, knee acting up",SCALED,
02/19/2024,Monday 2.19.2024 Coach Marcus/Dana,"FOR TIME:3 Rounds:7 HSPU14 Box Step-Ups 24""/20""28 Sit-Ups",539,8:59,,,"[{""mins"":8,""secs"":59}]","Transitions killed me, need to move faster between stations",SCALED,
02/20/2024,2:00 Max Cal Row,2:00 all-out effort on the rower.One attempt.,36,36,Calories,,"[{""calories"":36}]",Saw stars after this one,RX,
02/21/2024,Wednesday - 2.21.2024,"FOR TIME:4 Rounds:8 Hang Snatches 95#/65#14 Wall Balls 20#/14#14 Box Step-Ups 24""/20""*10:00 TIME CAP",1069,17:49,,,"[{""mins"":17,""secs"":49}]","Went out too hot, paid for it on round 3",RX,
02/23/2024,Friday - 2.23.2024,FOR TIME:3 Rounds:29 Sit-Ups11 Toes-to-Bar2 Rope Climbs,828,13:48,,,"[{""mins"":13,""secs"":48}]","Transitions killed me, need to move faster between stations",RX,
02/28/2024,Wednesday - 2.28.2024,10:00 AMRAP11 Deadlifts 185#/125#6 Hang Snatches 95#/65#17 Air Squats,8,8+22,Rounds + Reps,,"[{""rnds"":8,""reps"":22}]",,RX,
03/01/2024,Open 24.1,12:00 AMRAP12 HSPU13 Pull-Ups14 KB Swings 53#/35#*CrossFit Open 24.1,270,270,Reps,,"[{""reps"":270}]",Judged by a coach — every rep counted,SCALED,
03/02/2024,Saturday 3.2.2024 Coach Val/Jo,FOR TIME:21-15-98 Power Cleans 135#/95#8 Deadlifts 185#/125#,652,10:52,,,"[{""mins"":10,""secs"":52}]",,RX,
03/04/2024,Monday - 3.4.2024,FOR TIME:50 Push Press 75#/55#40 Toes-to-Bar30 Burpees20 Pull-Ups10 Overhead Squats 95#/65#,964,16:04,,,"[{""mins"":16,""secs"":4}]",Grip was the limiter today,RX,
03/05/2024,Overhead Squat 5x3,"5 sets of 3 reps.Across, building from last week.",100,100,Load,Overhead Squat,"[{""load"":80,""success"":true},{""load"":85,""success"":true},{""load"":90,""success"":true}]",Legs were toast from yesterday,RX,
03/06/2024,Wednesday - 3.6.2024,20:00 AMRAP8 Toes-to-Bar8 HSPU16 Wall Balls 20#/14#,192,192,Reps,,"[{""reps"":192}]",Kept all sets of 5 touch and go,SCALED,
03/07/2024,Thursday 3.7.2024 Coach Marcus/Dana,16:00 EMOMMinute 1: 12 HSPUMinute 2: 8 Front Squats 115#/85#Minute 3: 22 Sit-UpsMinute 4: Rest,158,158,Reps,,"[{""reps"":158}]",Felt strong — breathing stayed under control,RX,
03/08/2024,Open 24.2,"12:00 AMRAP15 Pull-Ups15 Box Jumps 24""/20""15 Push Press 75#/55#*CrossFit Open 24.2",209,209,Reps,,"[{""reps"":209}]","Redid it Sunday, kept the first score",RX,
03/11/2024,Monday - 3.11.2024,FOR TIME:3 Rounds:11 Thrusters 95#/65#22 Air Squats29 Walking Lunges,1030,17:10,,,"[{""mins"":17,""secs"":10}]",First workout back — rough but happy to be in the gym,RX,
03/15/2024,Open 24.3,15:00 AMRAP13 Push-Ups8 Burpees6 Hang Snatches 95#/65#*CrossFit Open 24.3,292,292,Reps,,"[{""reps"":292}]","Redid it Sunday, kept the first score",RX,
03/18/2024,Monday 3.18.2024 Coach Dana/Jo,15:00 AMRAP8 Overhead Squats 95#/65#10 Push Press 75#/55#3 Rope Climbs,220,220,Reps,,"[{""reps"":220}]",,RX,
03/22/2024,Friday - 3.22.2024,15:00 AMRAP14 Deadlifts 185#/125#30 Walking Lunges10 Push Press 75#/55#,212,212,Reps,,"[{""reps"":212}]",Kept all sets of 5 touch and go,RX,
03/25/2024,Monday - 3.25.2024,FOR TIME:21-15-924 Wall Balls 20#/14#29 Air Squats,681,11:21,,,"[{""mins"":11,""secs"":21}]","Unbroken on the first two rounds, then it fell apart",RX,
03/28/2024,Thursday - 3.28.2024,FOR TIME:50 Air Squats40 Thrusters 95#/65#30 Push Press 75#/55#20 Power Cleans 135#/95#10 KB Swings 53#/35#,1173,19:33,,,"[{""mins"":19,""secs"":33}]",Quick singles on the bar work paid off,RX,
03/29/2024,Friday 3.29.2024 Coach Dana/Dana,FOR TIME:4 Rounds:15 Burpees10 Push-Ups10 Thrusters 95#/65#,836,13:56,,,"[{""mins"":13,""secs"":56}]",Knees-to-chest instead of T2B today,SCALED,
04/01/2024,Monday - 4.1.2024,12:00 AMRAP21 Wall Balls 20#/14#22 Air Squats11 Push Press 75#/55#,6,6+24,Rounds + Reps,,"[{""rnds"":6,""reps"":24}]",,RX,
04/02/2024,Tuesday - 4.2.2024,FOR TIME:50 Burpees40 Push-Ups30 Air Squats20 Thrusters 95#/65#10 Cal Row,975,16:15,,,"[{""mins"":16,""secs"":15}]","Paced the row, sprinted the finish",RX,
04/03/2024,Wednesday - 4.3.2024,"FOR TIME:50 Thrusters 95#/65#40 HSPU30 Box Step-Ups 24""/20""20 Air Squats10 Burpees",967,16:07,,,"[{""mins"":16,""secs"":7}]",,RX,
04/04/2024,Thursday - 4.4.2024,20:00 AMRAP12 Toes-to-Bar9 Pull-Ups28 Air Squats,7,7+18,Rounds + Reps,,"[{""rnds"":7,""reps"":18}]",Legs were toast from yesterday,RX,
04/08/2024,Monday - 4.8.2024,12:00 AMRAP23 Air Squats16 KB Swings 53#/35#25 Walking Lunges,210,210,Reps,,"[{""reps"":210}]",,RX,
04/11/2024,Thursday 4.11.2024 Coach Priya/Dana,FOR TIME:4 Rounds:14 KB Swings 53#/35#14 Pull-Ups4 Rope Climbs*15:00 TIME CAP,644,10:44,,,"[{""mins"":10,""secs"":44}]",Knees-to-chest instead of T2B today,SCALED,
04/16/2024,Box Jump: Max Height,Work to a max height box jump.15:00 window.,25,25,Inches,,"[{""inches"":25}]",Plates stacked on the big box,RX,PR
04/19/2024,SKILL - Handstands,Spend 12:00 practicing handstands.Rate how it felt.,2,2,Emoji Selection,,"[{""index"":2}]",,RX,
04/22/2024,Post-WOD Core,3 Rounds:15 Hollow Rocks20 Flutter Kicks30s Plank,1,Yes,Checkbox,,"[{""boolean"":1}]",,RX,
04/29/2024,Monday - 4.29.2024,FOR TIME:4 Rounds:19 Cal Row20 Walking Lunges16 Sit-Ups*13:00 TIME CAP,808,13:28,,,"[{""mins"":13,""secs"":28}]","Transitions killed me, need to move faster between stations",RX,
04/30/2024,Tuesday - 4.30.2024,20:00 EMOMMinute 1: 10 Thrusters 95#/65#Minute 2: 17 Push-UpsMinute 3: 400m RunMinute 4: Rest,1,Yes,Checkbox,,"[{""boolean"":1}]",Kept all sets of 5 touch and go,RX,
05/01/2024,Wednesday - 5.1.2024,"20:00 AMRAP16 Push-Ups9 Pull-Ups16 Box Step-Ups 24""/20""",408,408,Reps,,"[{""reps"":408}]",Grip was the limiter today,RX,
05/02/2024,Thursday - 5.2.2024,15:00 AMRAP400m Run19 KB Swings 53#/35#10 Push Press 75#/55#,148,148,Reps,,"[{""reps"":148}]","Transitions killed me, need to move faster between stations",RX,
05/06/2024,"""GRACE""",FOR TIME:30 Clean and Jerks 135#/95#,450,7:30,,,"[{""mins"":7,""secs"":30}]",,RX,
05/07/2024,STRENGTH - Deadlifts,In a 20 minute windowBuild to a 1RM Deadlift.,275,275,Load,Deadlift,"[{""load"":275,""success"":true}]","Paced the row, sprinted the finish",RX,
05/10/2024,STRENGTH - Bench Press,In a 20 minute windowBuild to a heavy triple Bench Press.,160,160,Load,Bench Press,"[{""load"":160,""success"":true}]",Should have gone heavier,RX,
05/13/2024,Monday - 5.13.2024,FOR TIME:5 Rounds:16 Push-Ups11 Overhead Squats 95#/65#10 Wall Balls 20#/14#,489,8:09,,,"[{""mins"":8,""secs"":9}]",Quick singles on the bar work paid off,RX,
05/14/2024,Post-WOD Core,3 Rounds:15 Hollow Rocks20 Flutter Kicks30s Plank,1,Yes,Checkbox,,"[{""boolean"":1}]",,RX,
05/16/2024,Thursday - 5.16.2024,"FOR TIME:5 Rounds:15 Box Jumps 24""/20""17 KB Swings 53#/35#15 Thrusters 95#/65#",792,13:12,,,"[{""mins"":13,""secs"":12}]",Knees-to-chest instead of T2B today,SCALED,
05/17/2024,Friday - 5.17.2024,15:00 AMRAP8 Pull-Ups8 HSPU24 Wall Balls 20#/14#,252,252,Reps,,"[{""reps"":252}]",,RX,
05/20/2024,Monday - 5.20.2024,12:00 AMRAP49 Double Unders14 Pull-Ups200m Run,180,180,Reps,,"[{""reps"":180}]",Cardio is coming back 💪,RX,
05/24/2024,Friday - 5.24.2024,20:00 EMOMMinute 1: 6 Hang Snatches 95#/65#Minute 2: 4 Rope ClimbsMinute 3: 8 Front Squats 115#/85#Minute 4: Rest,1,Yes,Checkbox,,"[{""boolean"":1}]",Should have gone heavier,RX,
05/25/2024,Saturday - 5.25.2024,20:00 AMRAP7 Overhead Squats 95#/65#7 HSPU55 Double Unders,150,150,Reps,,"[{""reps"":150}]",,RX,
05/27/2024,"""MURPH""","FOR TIME:1 Mile Run100 Pull-Ups200 Push-Ups300 Air Squats1 Mile Run*Partition the pull-ups, push-ups, and squats as needed.",3499,58:19,,,"[{""mins"":58,""secs"":19}]",Memorial Day Murph 🇺🇸,SCALED,
06/11/2024,Tuesday - 6.11.2024,"10:00 AMRAP13 Pull-Ups17 Box Step-Ups 24""/20""13 Toes-to-Bar",144,144,Reps,,"[{""reps"":144}]","Went out too hot, paid for it on round 3",RX,
06/25/2024,Tuesday - 6.25.2024,FOR TIME:50 Sit-Ups40 Push-Ups30 Double Unders20 KB Swings 53#/35#10 Overhead Squats 95#/65#,835,13:55,,,"[{""mins"":13,""secs"":55}]",Kept all sets of 5 touch and go,RX,
06/29/2024,Saturday - 6.29.2024,10:00 AMRAP16 Sit-Ups11 HSPU200m Run,235,235,Reps,,"[{""reps"":235}]",Scaled the HSPU to pike push-ups,SCALED,
08/08/2024,"""ANNIE""",FOR TIME:50-40-30-20-10Double UndersSit-Ups,571,9:31,,,"[{""mins"":9,""secs"":31}]",First workout back — rough but happy to be in the gym,RX,
08/19/2024,"""KAREN""",FOR TIME:150 Wall Balls 20#/14#,503,8:23,,,"[{""mins"":8,""secs"":23}]","Went out too hot, paid for it on round 3",RX,
09/02/2024,"""KAREN""",FOR TIME:150 Wall Balls 20#/14#,480,8:00,,,"[{""mins"":8,""secs"":0}]",PR by a lot — pacing finally clicked,RX,PR
09/03/2024,Tuesday - 9.3.2024,10:00 AMRAP15 KB Swings 53#/35#3 Rope Climbs16 Push-Ups,440,440,Reps,,"[{""reps"":440}]",Quick singles on the bar work paid off,RX,
09/06/2024,Friday 9.6.2024 Coach Theo/Dana,FOR TIME:200m Run40 Pull-Ups30 Front Squats 115#/85#20 Overhead Squats 95#/65#10 Rope Climbs,1342,22:22,,,"[{""mins"":22,""secs"":22}]",,SCALED,
09/09/2024,Monday - 9.9.2024,"FOR TIME:21-15-915 Burpees14 Box Jumps 24""/20""",530,8:50,,,"[{""mins"":8,""secs"":50}]","Went out too hot, paid for it on round 3",RX,
09/10/2024,STRENGTH - Bench Press,In a 20 minute windowBuild to a heavy triple Bench Press.,185,185,Load,Bench Press,"[{""load"":185,""success"":true}]",New PR! 🎉,RX,PR
09/12/2024,Post-WOD Core,3 Rounds:15 Hollow Rocks20 Flutter Kicks30s Plank,1,Yes,Checkbox,,"[{""boolean"":1}]",,RX,
09/13/2024,Friday - 9.13.2024,"FOR TIME:50 Power Cleans 135#/95#40 Thrusters 95#/65#30 Box Step-Ups 24""/20""400m Run10 Pull-Ups",1200,20:00,,,"[{""mins"":20,""secs"":0}]",,RX,
09/17/2024,Tuesday - 9.17.2024,"FOR TIME:50 Wall Balls 20#/14#40 Box Jumps 24""/20""30 HSPU20 Burpees400m Run",1444,24:04,,,"[{""mins"":24,""secs"":4}]","Paced the row, sprinted the finish",SCALED,
10/08/2024,Tuesday - 10.8.2024,10:00 AMRAP18 Push-Ups9 Front Squats 115#/85#17 Walking Lunges,8,8+1,Rounds + Reps,,"[{""rnds"":8,""reps"":1}]","Slow and steady, just wanted to move today",RX,
10/09/2024,Wednesday 10.9.2024 Coach Dana/Jo,15:00 AMRAP14 Wall Balls 20#/14#20 KB Swings 53#/35#9 Front Squats 115#/85#,160,160,Reps,,"[{""reps"":160}]",Best engine day in a while 🔥,RX,
10/14/2024,Monday - 10.14.2024,15:00 AMRAP16 Sit-Ups10 Push-Ups11 HSPU,216,216,Reps,,"[{""reps"":216}]","Went out too hot, paid for it on round 3",RX,
10/18/2024,Friday - 10.18.2024,12:00 EMOMMinute 1: 14 BurpeesMinute 2: 14 Thrusters 95#/65#Minute 3: 9 Front Squats 115#/85#Minute 4: Rest,131,131,Reps,,"[{""reps"":131}]",Should have gone heavier,SCALED,
10/21/2024,Monday - 10.21.2024,"FOR TIME:50 Wall Balls 20#/14#40 Sit-Ups30 KB Swings 53#/35#20 Box Jumps 24""/20""10 Push Press 75#/55#",634,10:34,,,"[{""mins"":10,""secs"":34}]",Should have gone heavier,RX,
10/23/2024,Wednesday - 10.23.2024,FOR TIME:5 Rounds:11 Power Cleans 135#/95#12 Front Squats 115#/85#15 Sit-Ups,980,16:20,,,"[{""mins"":16,""secs"":20}]",,SCALED,
10/26/2024,Saturday - 10.26.2024,"FOR TIME:50 Box Jumps 24""/20""40 Cal Row30 Push Press 75#/55#20 Burpees10 Box Step-Ups 24""/20""",667,11:07,,,"[{""mins"":11,""secs"":7}]",Best engine day in a while 🔥,RX,
10/28/2024,Monday - 10.28.2024,"FOR TIME:5 Rounds:8 Hang Snatches 95#/65#13 Box Step-Ups 24""/20""400m Run*10:00 TIME CAP",688,11:28,,,"[{""mins"":11,""secs"":28}]",Knees-to-chest instead of T2B today,SCALED,
10/29/2024,Tuesday - 10.29.2024,20:00 AMRAP7 Hang Snatches 95#/65#16 Cal Row2 Rope Climbs,400,400,Reps,,"[{""reps"":400}]",First workout back — rough but happy to be in the gym,RX,
10/30/2024,Wednesday - 10.30.2024,FOR TIME:50 Hang Snatches 95#/65#40 Front Squats 115#/85#30 Double Unders20 Power Cleans 135#/95#10 Burpees,1498,24:58,,,"[{""mins"":24,""secs"":58}]",Grip was the limiter today,SCALED,
10/31/2024,Thursday - 10.31.2024,Partner WOD:80 Cal Row60 Wall Balls 20#/14#40 BurpeesSplit as needed.,,Worked to a smooth set of 3,Other / Text,,"[{""other"":""Worked to a smooth set of 3""}]",Shoulder felt good again finally,RX,
11/01/2024,Friday - 11.1.2024,15:00 AMRAP14 Push-Ups17 Air Squats21 KB Swings 53#/35#,259,259,Reps,,"[{""reps"":259}]",Grip was the limiter today,RX,
11/06/2024,"""ANNIE""",FOR TIME:50-40-30-20-10Double UndersSit-Ups,536,8:56,,,"[{""mins"":8,""secs"":56}]",Beat my old time!,RX,PR
11/11/2024,Monday 11.11.2024 Coach Jo/Jo,15:00 AMRAP400m Run11 Deadlifts 185#/125#15 Air Squats,234,234,Reps,,"[{""reps"":234}]","Paced the row, sprinted the finish",RX,
11/12/2024,Tuesday - 11.12.2024,"20:00 AMRAP12 Cal Row7 Hang Snatches 95#/65#15 Box Step-Ups 24""/20""",416,416,Reps,,"[{""reps"":416}]",That one hurt. In a good way.,RX,
11/13/2024,Wednesday - 11.13.2024,"FOR TIME:50 HSPU40 Rope Climbs30 Deadlifts 185#/125#20 Push Press 75#/55#10 Box Step-Ups 24""/20""",1294,21:34,,,"[{""mins"":21,""secs"":34}]",,SCALED,
11/18/2024,Monday - 11.18.2024,FOR TIME:50 KB Swings 53#/35#40 Front Squats 115#/85#30 Cal Row200m Run10 Thrusters 95#/65#,1461,24:21,,,"[{""mins"":24,""secs"":21}]","Banded pull-ups, still building back strength",SCALED,
11/19/2024,STRENGTH - Power Cleans,In a 20 minute windowBuild to a 1RM Power Clean.,180,180,Load,Power Clean,"[{""load"":180,""success"":true}]",New PR! 🎉,RX,PR
11/21/2024,Thursday 11.21.2024 Coach Jo/Dana,FOR TIME:21-15-914 Toes-to-Bar17 Walking Lunges,318,5:18,,,"[{""mins"":5,""secs"":18}]",Cardio is coming back 💪,SCALED,
11/27/2024,Wednesday - 11.27.2024,Partner WOD:80 Cal Row60 Wall Balls 20#/14#40 BurpeesSplit as needed.,,Completed with 75#,Other / Text,,"[{""other"":""Completed with 75#""}]","Coach fixed my pull timing, huge difference",RX,
11/28/2024,Thursday - 11.28.2024,FOR TIME:50 Walking Lunges40 Pull-Ups30 Power Cleans 135#/95#20 HSPU10 Cal Row,769,12:49,,,"[{""mins"":12,""secs"":49}]","Unbroken on the first two rounds, then it fell apart",RX,
12/04/2024,Wednesday - 12.4.2024,FOR TIME:4 Rounds:16 Walking Lunges8 Front Squats 115#/85#11 Burpees,570,9:30,,,"[{""mins"":9,""secs"":30}]",,SCALED,
12/12/2024,Thursday - 12.12.2024,12:00 AMRAP14 Burpees400m Run3 Rope Climbs,344,344,Reps,,"[{""reps"":344}]",Legs were toast from yesterday,RX,
12/13/2024,SKILL - Muscle-Ups,Spend 12:00 practicing muscle-ups.Rate how it felt.,3,3,Emoji Selection,,"[{""index"":3}]",,RX,
12/23/2024,Monday - 12.23.2024,"FOR TIME:4 Rounds:400m Run18 Box Step-Ups 24""/20""28 Walking Lunges*11:00 TIME CAP",887,14:47,,,"[{""mins"":14,""secs"":47}]",Best engine day in a while 🔥,RX,
12/24/2024,Tuesday - 12.24.2024,FOR TIME:21-15-96 HSPU10 Burpees,350,5:50,,,"[{""mins"":5,""secs"":50}]",First workout back — rough but happy to be in the gym,RX,
01/01/2025,Wednesday - 1.1.2025,12:00 AMRAP14 Push Press 75#/55#400m Run20 Push-Ups,288,288,Reps,,"[{""reps"":288}]","Went out too hot, paid for it on round 3",RX,
01/03/2025,Friday - 1.3.2025,FOR TIME:21-15-910 Front Squats 115#/85#15 Toes-to-Bar,327,5:27,,,"[{""mins"":5,""secs"":27}]",,RX,
01/04/2025,Saturday - 1.4.2025,20:00 AMRAP42 Double Unders20 Wall Balls 20#/14#200m Run,5,5+1,Rounds + Reps,,"[{""rnds"":5,""reps"":1}]","Went out too hot, paid for it on round 3",RX,
01/06/2025,Monday - 1.6.2025,20:00 AMRAP20 Sit-Ups18 Air Squats8 Hang Snatches 95#/65#,192,192,Reps,,"[{""reps"":192}]",Should have gone heavier,SCALED,
01/08/2025,"""FRAN""",FOR TIME:21-15-9Thrusters 95#/65#Pull-Ups,305,5:05,,,"[{""mins"":5,""secs"":5}]",Knees-to-chest instead of T2B today,SCALED,
01/13/2025,Monday 1.13.2025 Coach Jo/Jo,12:00 AMRAP52 Double Unders21 KB Swings 53#/35#12 HSPU,108,108,Reps,,"[{""reps"":108}]",Scaled to 65# — form over ego,SCALED,
01/16/2025,Thursday 1.16.2025 Coach Priya/Jo,"FOR TIME:50 HSPU40 Hang Snatches 95#/65#30 Box Jumps 24""/20""20 Pull-Ups10 Deadlifts 185#/125#",945,15:45,,,"[{""mins"":15,""secs"":45}]",,RX,
01/21/2025,Tuesday - 1.21.2025,15:00 AMRAP400m Run10 Front Squats 115#/85#53 Double Unders,6,6+4,Rounds + Reps,,"[{""rnds"":6,""reps"":4}]",,RX,
01/23/2025,Thursday - 1.23.2025,12:00 EMOMMinute 1: 15 Thrusters 95#/65#Minute 2: 15 Deadlifts 185#/125#Minute 3: 18 Wall Balls 20#/14#Minute 4: Rest,1,Yes,Checkbox,,"[{""boolean"":1}]",,SCALED,
01/24/2025,Friday 1.24.2025 Coach Dana/Marcus,FOR TIME:21-15-913 Cal Row24 Air Squats,382,6:22,,,"[{""mins"":6,""secs"":22}]","Transitions killed me, need to move faster between stations",SCALED,
01/25/2025,Saturday - 1.25.2025,20:00 EMOMMinute 1: 6 Power Cleans 135#/95#Minute 2: 200m RunMinute 3: 39 Double UndersMinute 4: Rest,1,Yes,Checkbox,,"[{""boolean"":1}]",,RX,
01/27/2025,STRENGTH - Snatches,In a 20 minute windowBuild to a heavy triple Snatch.,125,125,Load,Snatch,"[{""load"":125,""success"":true}]",PR and it moved fast,RX,PR
01/28/2025,Tuesday - 1.28.2025,FOR TIME:21-15-99 Burpees23 Air Squats,583,9:43,,,"[{""mins"":9,""secs"":43}]","Slow and steady, just wanted to move today",RX,
01/30/2025,Thursday - 1.30.2025,"FOR TIME:21-15-913 Box Jumps 24""/20""8 HSPU",520,8:40,,,"[{""mins"":8,""secs"":40}]",Shoulder felt good again finally,RX,
02/03/2025,Monday - 2.3.2025,Partner WOD:80 Cal Row60 Wall Balls 20#/14#40 BurpeesSplit as needed.,,Completed with 75#,Other / Text,,"[{""other"":""Completed with 75#""}]",,RX,
02/04/2025,Tuesday - 2.4.2025,FOR TIME:50 Thrusters 95#/65#40 Burpees30 Rope Climbs20 Toes-to-Bar10 Double Unders,865,14:25,,,"[{""mins"":14,""secs"":25}]","Paced the row, sprinted the finish",RX,
02/07/2025,Friday - 2.7.2025,Partner WOD:80 Cal Row60 Wall Balls 20#/14#40 BurpeesSplit as needed.,,Worked to a smooth set of 3,Other / Text,,"[{""other"":""Worked to a smooth set of 3""}]",Kept all sets of 5 touch and go,RX,
02/10/2025,Monday - 2.10.2025,"10:00 AMRAP14 Deadlifts 185#/125#15 KB Swings 53#/35#18 Box Step-Ups 24""/20""",120,120,Reps,,"[{""reps"":120}]",Felt strong — breathing stayed under control,RX,
02/11/2025,STRENGTH - Snatches,In a 20 minute windowBuild to a heavy triple Snatch.,125,125,Load,Snatch,"[{""load"":125,""success"":true}]",,RX,
02/14/2025,Friday - 2.14.2025,12:00 EMOMMinute 1: 15 Push Press 75#/55#Minute 2: 15 KB Swings 53#/35#Minute 3: 7 Power Cleans 135#/95#Minute 4: Rest,239,239,Reps,,"[{""reps"":239}]","Went out too hot, paid for it on round 3",RX,
02/18/2025,Tuesday - 2.18.2025,FOR TIME:50 Overhead Squats 95#/65#40 Cal Row200m Run20 Burpees10 Front Squats 115#/85#,1380,23:00,,,"[{""mins"":23,""secs"":0}]",,SCALED,
02/19/2025,STRENGTH - Push Presses,In a 20 minute windowBuild to a 1RM Push Press.,150,150,Load,Push Press,"[{""load"":150,""success"":true}]",PR and it moved fast,RX,PR
02/20/2025,Thursday - 2.20.2025,"FOR TIME:4 Rounds:20 Box Step-Ups 24""/20""8 Hang Snatches 95#/65#3 Rope Climbs*18:00 TIME CAP",474,7:54,,,"[{""mins"":7,""secs"":54}]",,SCALED,
02/24/2025,Power Clean 3x5,"3 sets of 5 reps.Across, building from last week.",140,140,Load,Power Clean,"[{""load"":130,""success"":true},{""load"":135,""success"":true},{""load"":140,""success"":true}]",Shoulder felt good again finally,RX,
02/26/2025,Wednesday - 2.26.2025,FOR TIME:3 Rounds:9 Hang Snatches 95#/65#200m Run7 HSPU,463,7:43,,,"[{""mins"":7,""secs"":43}]",Cardio is coming back 💪,SCALED,
02/28/2025,Open 25.1,15:00 AMRAP2 Rope Climbs400m Run7 HSPU*CrossFit Open 25.1,171,171,Reps,,"[{""reps"":171}]",Judged by a coach — every rep counted,RX,
03/03/2025,Monday - 3.3.2025,"10:00 AMRAP14 Thrusters 95#/65#7 Hang Snatches 95#/65#20 Box Step-Ups 24""/20""",7,7+4,Rounds + Reps,,"[{""rnds"":7,""reps"":4}]",That one hurt. In a good way.,RX,
03/06/2025,Thursday - 3.6.2025,FOR TIME:21-15-913 Toes-to-Bar27 Air Squats,502,8:22,,,"[{""mins"":8,""secs"":22}]","Paced the row, sprinted the finish",RX,
03/07/2025,Open 25.2,12:00 AMRAP16 Walking Lunges11 Toes-to-Bar26 Air Squats*CrossFit Open 25.2,176,176,Reps,,"[{""reps"":176}]",Friday Night Lights!,RX,
03/12/2025,Wednesday - 3.12.2025,"12:00 AMRAP23 Air Squats10 Pull-Ups19 Box Step-Ups 24""/20""",350,350,Reps,,"[{""reps"":350}]","Went out too hot, paid for it on round 3",RX,
03/13/2025,Bench Press 3x5,"3 sets of 5 reps.Across, building from last week.",150,150,Load,Bench Press,"[{""load"":140,""success"":true},{""load"":145,""success"":true},{""load"":150,""success"":true}]",,RX,
03/14/2025,Open 25.3,"15:00 AMRAP11 Box Jumps 24""/20""46 Double Unders8 Burpees*CrossFit Open 25.3",296,296,Reps,,"[{""reps"":296}]",Judged by a coach — every rep counted,SCALED,
03/17/2025,Monday - 3.17.2025,FOR TIME:50 Pull-Ups40 Double Unders30 Thrusters 95#/65#20 KB Swings 53#/35#10 Overhead Squats 95#/65#,935,15:35,,,"[{""mins"":15,""secs"":35}]",Grip was the limiter today,RX,
03/20/2025,Thursday 3.20.2025 Coach Dana/Theo,Partner WOD:80 Cal Row60 Wall Balls 20#/14#40 BurpeesSplit as needed.,,Made it through 4 rounds,Other / Text,,"[{""other"":""Made it through 4 rounds""}]",Grip was the limiter today,RX,
03/21/2025,"""JACKIE""",FOR TIME:1000m Row50 Thrusters 45#/35#30 Pull-Ups,600,10:00,,,"[{""mins"":10,""secs"":0}]","Paced the row, sprinted the finish",RX,
03/22/2025,Saturday - 3.22.2025,20:00 AMRAP6 Hang Snatches 95#/65#6 Power Cleans 135#/95#10 Toes-to-Bar,90,90,Reps,,"[{""reps"":90}]",Quick singles on the bar work paid off,SCALED,
03/26/2025,Box Jump: Max Height,Work to a max height box jump.15:00 window.,32,32,Inches,,"[{""inches"":32}]",Plates stacked on the big box,RX,
03/27/2025,Thursday - 3.27.2025,"10:00 AMRAP13 Thrusters 95#/65#12 Cal Row17 Box Jumps 24""/20""",5,5+12,Rounds + Reps,,"[{""rnds"":5,""reps"":12}]",First workout back — rough but happy to be in the gym,RX,
03/28/2025,Box Jump: Max Height,Work to a max height box jump.15:00 window.,26,26,Inches,,"[{""inches"":26}]",,RX,PR
03/31/2025,Monday - 3.31.2025,FOR TIME:21-15-99 Pull-Ups60 Double Unders,607,10:07,,,"[{""mins"":10,""secs"":7}]",Legs were toast from yesterday,RX,
04/01/2025,Tuesday - 4.1.2025,"FOR TIME:50 Box Step-Ups 24""/20""40 Pull-Ups30 Double Unders20 Burpees10 Front Squats 115#/85#",776,12:56,,,"[{""mins"":12,""secs"":56}]",,RX,
04/04/2025,STRENGTH - Bench Press,In a 20 minute windowBuild to a heavy single Bench Press.,185,185,Load,Bench Press,"[{""load"":185,""success"":true}]",,RX,
04/08/2025,SKILL - Muscle-Ups,Spend 12:00 practicing muscle-ups.Rate how it felt.,5,5,Emoji Selection,,"[{""index"":5}]",Kept all sets of 5 touch and go,RX,
04/10/2025,Thursday 4.10.2025 Coach Jo/Val,12:00 EMOMMinute 1: 12 Cal RowMinute 2: 9 Overhead Squats 95#/65#Minute 3: 3 Rope ClimbsMinute 4: Rest,1,Yes,Checkbox,,"[{""boolean"":1}]",,RX,
04/11/2025,SKILL - Double Unders,Spend 12:00 practicing double unders.Rate how it felt.,2,2,Emoji Selection,,"[{""index"":2}]",,RX,
04/14/2025,Monday - 4.14.2025,15:00 AMRAP15 Pull-Ups8 Front Squats 115#/85#53 Double Unders,216,216,Reps,,"[{""reps"":216}]",Scaled to 65# — form over ego,SCALED,
04/17/2025,Thursday - 4.17.2025,Partner WOD:80 Cal Row60 Wall Balls 20#/14#40 BurpeesSplit as needed.,,Made it through 4 rounds,Other / Text,,"[{""other"":""Made it through 4 rounds""}]",Grip was the limiter today,RX,
04/21/2025,Monday - 4.21.2025,20:00 AMRAP11 HSPU8 Front Squats 115#/85#2 Rope Climbs,150,150,Reps,,"[{""reps"":150}]","Slow and steady, just wanted to move today",RX,
04/23/2025,Wednesday 4.23.2025 Coach Jo/Dana,"10:00 AMRAP12 Overhead Squats 95#/65#15 Box Step-Ups 24""/20""7 Hang Snatches 95#/65#",8,8+1,Rounds + Reps,,"[{""rnds"":8,""reps"":1}]","Coach fixed my pull timing, huge difference",SCALED,
04/28/2025,Monday - 4.28.2025,"10:00 AMRAP18 Box Jumps 24""/20""10 Toes-to-Bar15 Box Step-Ups 24""/20""",288,288,Reps,,"[{""reps"":288}]","Paced the row, sprinted the finish",RX,
05/02/2025,Friday - 5.2.2025,"12:00 AMRAP12 Box Jumps 24""/20""6 Overhead Squats 95#/65#8 HSPU",343,343,Reps,,"[{""reps"":343}]","Slow and steady, just wanted to move today",RX,
05/05/2025,Monday - 5.5.2025,15:00 AMRAP6 Power Cleans 135#/95#11 Thrusters 95#/65#400m Run,252,252,Reps,,"[{""reps"":252}]","Unbroken on the first two rounds, then it fell apart",RX,
05/06/2025,Tuesday 5.6.2025 Coach Theo/Jo,15:00 AMRAP12 Pull-Ups400m Run10 Toes-to-Bar,4,4+23,Rounds + Reps,,"[{""rnds"":4,""reps"":23}]",Shoulder felt good again finally,RX,
05/09/2025,Friday 5.9.2025 Coach Dana/Dana,FOR TIME:50 Power Cleans 135#/95#40 Push-Ups30 Deadlifts 185#/125#20 Toes-to-Bar10 Double Unders,1353,22:33,,,"[{""mins"":22,""secs"":33}]","Transitions killed me, need to move faster between stations",RX,
05/14/2025,STRENGTH - Power Cleans,In a 20 minute windowBuild to a heavy single Power Clean.,175,175,Load,Power Clean,"[{""load"":175,""success"":true}]",Best engine day in a while 🔥,RX,
05/16/2025,Friday - 5.16.2025,FOR TIME:50 Overhead Squats 95#/65#40 Push-Ups30 Walking Lunges20 Deadlifts 185#/125#10 Cal Row,769,12:49,,,"[{""mins"":12,""secs"":49}]",,SCALED,
05/17/2025,Saturday - 5.17.2025,20:00 EMOMMinute 1: 400m RunMinute 2: 6 HSPUMinute 3: 17 Sit-UpsMinute 4: Rest,1,Yes,Checkbox,,"[{""boolean"":1}]","Paced the row, sprinted the finish",RX,
05/21/2025,Wednesday - 5.21.2025,20:00 AMRAP15 Sit-Ups14 Burpees200m Run,408,408,Reps,,"[{""reps"":408}]",,RX,
05/26/2025,"""MURPH""","FOR TIME:1 Mile Run100 Pull-Ups200 Push-Ups300 Air Squats1 Mile Run*Partition the pull-ups, push-ups, and squats as needed.",3221,53:41,,,"[{""mins"":53,""secs"":41}]",Memorial Day Murph 🇺🇸,RX,
05/28/2025,Wednesday - 5.28.2025,15:00 AMRAP11 HSPU18 Wall Balls 20#/14#7 Hang Snatches 95#/65#,312,312,Reps,,"[{""reps"":312}]","Paced the row, sprinted the finish",RX,
05/29/2025,STRENGTH - Deadlifts,In a 20 minute windowBuild to a 1RM Deadlift.,315,315,Load,Deadlift,"[{""load"":315,""success"":true}]",PR and it moved fast,RX,PR
05/31/2025,Saturday - 5.31.2025,FOR TIME:50 Burpees40 Thrusters 95#/65#30 Walking Lunges20 Push-Ups10 Deadlifts 185#/125#,1416,23:36,,,"[{""mins"":23,""secs"":36}]",Knees-to-chest instead of T2B today,SCALED,
06/04/2025,Wednesday - 6.4.2025,"FOR TIME:4 Rounds:19 Box Jumps 24""/20""19 Air Squats10 Overhead Squats 95#/65#",1073,17:53,,,"[{""mins"":17,""secs"":53}]",,SCALED,
06/09/2025,Monday - 6.9.2025,10:00 AMRAP14 Push Press 75#/55#9 Burpees8 Toes-to-Bar,315,315,Reps,,"[{""reps"":315}]","Coach fixed my pull timing, huge difference",RX,
06/16/2025,Power Clean 5x5,"5 sets of 5 reps.Across, building from last week.",145,145,Load,Power Clean,"[{""load"":125,""success"":true},{""load"":130,""success"":true},{""load"":135,""success"":true}]",Cardio is coming back 💪,RX,
06/20/2025,Friday - 6.20.2025,15:00 AMRAP9 Toes-to-Bar11 Burpees9 Power Cleans 135#/95#,144,144,Reps,,"[{""reps"":144}]",Quick singles on the bar work paid off,RX,
06/21/2025,Saturday 6.21.2025 Coach Priya/Theo,20:00 AMRAP2 Rope Climbs12 Burpees11 Wall Balls 20#/14#,312,312,Reps,,"[{""reps"":312}]","Coach fixed my pull timing, huge difference",RX,
06/23/2025,Monday - 6.23.2025,15:00 AMRAP11 HSPU10 Deadlifts 185#/125#19 Air Squats,147,147,Reps,,"[{""reps"":147}]","Went out too hot, paid for it on round 3",RX,
06/24/2025,Tuesday - 6.24.2025,16:00 EMOMMinute 1: 10 Push Press 75#/55#Minute 2: 10 Power Cleans 135#/95#Minute 3: 20 Sit-UpsMinute 4: Rest,1,Yes,Checkbox,,"[{""boolean"":1}]","Coach fixed my pull timing, huge difference",SCALED,
06/25/2025,Wednesday - 6.25.2025,"FOR TIME:5 Rounds:17 Box Step-Ups 24""/20""8 Hang Snatches 95#/65#2 Rope Climbs*18:00 TIME CAP",992,16:32,,,"[{""mins"":16,""secs"":32}]",,SCALED,
06/27/2025,Friday 6.27.2025 Coach Jo/Val,FOR TIME:4 Rounds:23 Wall Balls 20#/14#11 Thrusters 95#/65#400m Run*11:00 TIME CAP,972,16:12,,,"[{""mins"":16,""secs"":12}]",Kept all sets of 5 touch and go,RX,
07/01/2025,STRENGTH - Front Squats,In a 20 minute windowBuild to a heavy single Front Squat.,200,200,Load,Front Squat,"[{""load"":200,""success"":true}]",Quick singles on the bar work paid off,RX,
07/05/2025,SKILL - Muscle-Ups,Spend 12:00 practicing muscle-ups.Rate how it felt.,5,5,Emoji Selection,,"[{""index"":5}]",,RX,
07/07/2025,Monday 7.7.2025 Coach Priya/Theo,10:00 AMRAP7 Hang Snatches 95#/65#19 KB Swings 53#/35#7 Overhead Squats 95#/65#,312,312,Reps,,"[{""reps"":312}]",Quick singles on the bar work paid off,RX,
07/28/2025,STRENGTH - Bench Press,In a 20 minute windowBuild to a 1RM Bench Press.,200,200,Load,Bench Press,"[{""load"":200,""success"":true}]",200# — five pound PR,RX,PR
08/04/2025,CORE,3 Rounds:15 Hollow Rocks20 Flutter Kicks30s Plank,1,Yes,Checkbox,,"[{""boolean"":1}]",,RX,
08/05/2025,Deadlift 3x5,"3 sets of 5 reps.Across, building from last week.",260,260,Load,Deadlift,"[{""load"":250,""success"":true},{""load"":255,""success"":true},{""load"":260,""success"":true}]",That one hurt. In a good way.,RX,
08/11/2025,STRENGTH - Power Cleans,In a 20 minute windowBuild to a 1RM Power Clean.,185,185,Load,Power Clean,"[{""load"":185,""success"":true}]",New PR! 🎉,RX,PR
08/13/2025,STRENGTH - Bench Press,In a 20 minute windowBuild to a 1RM Bench Press.,200,200,Load,Bench Press,"[{""load"":200,""success"":true}]","Coach fixed my pull timing, huge difference",RX,
08/15/2025,STRENGTH - Bench Press,In a 20 minute windowBuild to a heavy triple Bench Press.,180,180,Load,Bench Press,"[{""load"":180,""success"":true}]",Kept all sets of 5 touch and go,RX,
08/16/2025,Saturday - 8.16.2025,FOR TIME:21-15-919 Air Squats5 HSPU,561,9:21,,,"[{""mins"":9,""secs"":21}]",That one hurt. In a good way.,RX,
08/19/2025,Post-WOD Core,3 Rounds:15 Hollow Rocks20 Flutter Kicks30s Plank,1,Yes,Checkbox,,"[{""boolean"":1}]",,RX,
08/23/2025,Saturday - 8.23.2025,FOR TIME:21-15-922 Wall Balls 20#/14#8 Power Cleans 135#/95#,658,10:58,,,"[{""mins"":10,""secs"":58}]",,SCALED,
08/25/2025,Monday - 8.25.2025,FOR TIME:4 Rounds:9 HSPU28 Walking Lunges14 Deadlifts 185#/125#*16:00 TIME CAP,525,8:45,,,"[{""mins"":8,""secs"":45}]",Scaled to 65# — form over ego,SCALED,
08/27/2025,Wednesday 8.27.2025 Coach Marcus/Val,20:00 AMRAP59 Double Unders6 HSPU12 KB Swings 53#/35#,144,144,Reps,,"[{""reps"":144}]",,RX,
09/02/2025,Tuesday - 9.2.2025,"FOR TIME:5 Rounds:400m Run15 Pull-Ups12 Box Step-Ups 24""/20""",748,12:28,,,"[{""mins"":12,""secs"":28}]",,SCALED,
09/03/2025,Wednesday 9.3.2025 Coach Theo/Val,"FOR TIME:5 Rounds:11 Power Cleans 135#/95#13 Box Step-Ups 24""/20""16 Cal Row*19:00 TIME CAP",558,9:18,,,"[{""mins"":9,""secs"":18}]","Coach fixed my pull timing, huge difference",RX,
09/05/2025,Push Press 5x3,"5 sets of 3 reps.Across, building from last week.",125,125,Load,Push Press,"[{""load"":105,""success"":true},{""load"":110,""success"":true},{""load"":115,""success"":true}]",,RX,
09/08/2025,Monday - 9.8.2025,20:00 AMRAP200m Run18 KB Swings 53#/35#11 Pull-Ups,188,188,Reps,,"[{""reps"":188}]","Unbroken on the first two rounds, then it fell apart",SCALED,
09/09/2025,Tuesday - 9.9.2025,FOR TIME:5 Rounds:8 Thrusters 95#/65#30 Walking Lunges10 Power Cleans 135#/95#*19:00 TIME CAP,654,10:54,,,"[{""mins"":10,""secs"":54}]",,SCALED,
09/11/2025,"""DT""",5 Rounds For Time:12 Deadlifts 155#/105#9 Hang Power Cleans 155#/105#6 Push Jerks 155#/105#,856,14:16,,,"[{""mins"":14,""secs"":16}]",Scaled to 65# — form over ego,SCALED,
09/16/2025,STRENGTH - Back Squats,In a 20 minute windowBuild to a heavy single Back Squat.,255,255,Load,Back Squat,"[{""load"":255,""success"":true}]",Best engine day in a while 🔥,RX,
09/19/2025,Friday - 9.19.2025,15:00 AMRAP22 Air Squats15 Sit-Ups14 Wall Balls 20#/14#,7,7+12,Rounds + Reps,,"[{""rnds"":7,""reps"":12}]",Quick singles on the bar work paid off,RX,
09/23/2025,Tuesday 9.23.2025 Coach Jo/Val,"20:00 AMRAP13 Box Step-Ups 24""/20""200m Run14 Burpees",7,7+18,Rounds + Reps,,"[{""rnds"":7,""reps"":18}]",Felt strong — breathing stayed under control,RX,
09/25/2025,Box Jump: Max Height,Work to a max height box jump.15:00 window.,29,29,Inches,,"[{""inches"":29}]",Plates stacked on the big box,RX,PR
09/27/2025,Saturday - 9.27.2025,"FOR TIME:4 Rounds:11 Push Press 75#/55#200m Run18 Box Step-Ups 24""/20""*18:00 TIME CAP",930,15:30,,,"[{""mins"":15,""secs"":30}]",Scaled the HSPU to pike push-ups,SCALED,
09/29/2025,Monday - 9.29.2025,FOR TIME:50 Wall Balls 20#/14#40 Push-Ups30 Burpees400m Run200m Run,1251,20:51,,,"[{""mins"":20,""secs"":51}]","Slow and steady, just wanted to move today",RX,
10/02/2025,Thursday - 10.2.2025,12:00 AMRAP12 Push Press 75#/55#13 Toes-to-Bar9 Overhead Squats 95#/65#,8,8+7,Rounds + Reps,,"[{""rnds"":8,""reps"":7}]","Went out too hot, paid for it on round 3",RX,
10/07/2025,Tuesday - 10.7.2025,20:00 AMRAP17 Walking Lunges12 Front Squats 115#/85#48 Double Unders,408,408,Reps,,"[{""reps"":408}]",Scaled the HSPU to pike push-ups,SCALED,
10/10/2025,Friday - 10.10.2025,15:00 AMRAP6 HSPU11 Pull-Ups13 Wall Balls 20#/14#,306,306,Reps,,"[{""reps"":306}]",Quick singles on the bar work paid off,RX,
10/14/2025,Tuesday - 10.14.2025,12:00 EMOMMinute 1: 2 Rope ClimbsMinute 2: 11 Front Squats 115#/85#Minute 3: 8 Overhead Squats 95#/65#Minute 4: Rest,224,224,Reps,,"[{""reps"":224}]",,RX,
10/15/2025,Wednesday - 10.15.2025,"FOR TIME:5 Rounds:8 Overhead Squats 95#/65#16 Box Step-Ups 24""/20""10 Pull-Ups*13:00 TIME CAP",490,8:10,,,"[{""mins"":8,""secs"":10}]",,RX,
10/16/2025,Thursday - 10.16.2025,FOR TIME:4 Rounds:2 Rope Climbs200m Run21 Sit-Ups*18:00 TIME CAP,636,10:36,,,"[{""mins"":10,""secs"":36}]","Transitions killed me, need to move faster between stations",RX,
10/17/2025,Friday 10.17.2025 Coach Theo/Jo,16:00 EMOMMinute 1: 8 BurpeesMinute 2: 400m RunMinute 3: 4 Rope ClimbsMinute 4: Rest,143,143,Reps,,"[{""reps"":143}]",Kept all sets of 5 touch and go,RX,
10/20/2025,Monday 10.20.2025 Coach Dana/Val,FOR TIME:50 Double Unders40 Burpees30 Overhead Squats 95#/65#400m Run10 Power Cleans 135#/95#,739,12:19,,,"[{""mins"":12,""secs"":19}]","Banded pull-ups, still building back strength",SCALED,
10/21/2025,Power Clean 5x5,"5 sets of 5 reps.Across, building from last week.",150,150,Load,Power Clean,"[{""load"":130,""success"":true},{""load"":135,""success"":true},{""load"":140,""success"":true}]",Should have gone heavier,RX,
10/22/2025,"""FRAN""",FOR TIME:21-15-9Thrusters 95#/65#Pull-Ups,512,8:32,,,"[{""mins"":8,""secs"":32}]",,RX,
10/23/2025,Thursday - 10.23.2025,"FOR TIME:50 Box Jumps 24""/20""40 Wall Balls 20#/14#30 Sit-Ups20 HSPU10 KB Swings 53#/35#",825,13:45,,,"[{""mins"":13,""secs"":45}]",,RX,
10/28/2025,"""HELEN""",FOR TIME:3 Rounds:400m Run21 KB Swings 53#/35#12 Pull-Ups,656,10:56,,,"[{""mins"":10,""secs"":56}]",Quick singles on the bar work paid off,SCALED,
10/29/2025,Wednesday 10.29.2025 Coach Dana/Dana,10:00 AMRAP6 Hang Snatches 95#/65#12 HSPU10 Thrusters 95#/65#,3,3+12,Rounds + Reps,,"[{""rnds"":3,""reps"":12}]",,SCALED,
11/04/2025,Tuesday - 11.4.2025,FOR TIME:21-15-9200m Run11 Thrusters 95#/65#,692,11:32,,,"[{""mins"":11,""secs"":32}]",Half the double unders as singles,SCALED,
11/05/2025,Deadlift 3x3,"3 sets of 3 reps.Across, building from last week.",265,265,Load,Deadlift,"[{""load"":255,""success"":true},{""load"":260,""success"":true},{""load"":265,""success"":true}]","Slow and steady, just wanted to move today",RX,
11/06/2025,STRENGTH - Power Cleans,In a 20 minute windowBuild to a 1RM Power Clean.,180,180,Load,Power Clean,"[{""load"":180,""success"":true}]",,RX,
11/07/2025,STRENGTH - Push Presses,In a 20 minute windowBuild to a heavy single Push Press.,165,165,Load,Push Press,"[{""load"":165,""success"":true}]",165# — five pound PR,RX,PR
11/11/2025,"""GRACE""",FOR TIME:30 Clean and Jerks 135#/95#,445,7:25,,,"[{""mins"":7,""secs"":25}]",PR by a lot — pacing finally clicked,RX,PR
11/13/2025,Thursday - 11.13.2025,FOR TIME:4 Rounds:15 Push Press 75#/55#12 Pull-Ups11 Burpees,952,15:52,,,"[{""mins"":15,""secs"":52}]","Transitions killed me, need to move faster between stations",SCALED,
11/18/2025,Tuesday - 11.18.2025,"FOR TIME:50 Deadlifts 185#/125#40 HSPU30 Box Jumps 24""/20""20 Walking Lunges10 Overhead Squats 95#/65#",705,11:45,,,"[{""mins"":11,""secs"":45}]",Legs were toast from yesterday,RX,
11/26/2025,Wednesday - 11.26.2025,20:00 AMRAP10 Power Cleans 135#/95#400m Run20 Wall Balls 20#/14#,196,196,Reps,,"[{""reps"":196}]",,RX,
12/02/2025,Tuesday - 12.2.2025,FOR TIME:21-15-910 Front Squats 115#/85#8 Hang Snatches 95#/65#,592,9:52,,,"[{""mins"":9,""secs"":52}]","Unbroken on the first two rounds, then it fell apart",SCALED,
12/12/2025,Bench Press 5x5,"5 sets of 5 reps.Across, building from last week.",160,160,Load,Bench Press,"[{""load"":140,""success"":true},{""load"":145,""success"":true},{""load"":150,""success"":true}]",Kept all sets of 5 touch and go,RX,
12/17/2025,Wednesday 12.17.2025 Coach Jo/Priya,FOR TIME:5 Rounds:18 Cal Row14 Toes-to-Bar23 Walking Lunges,499,8:19,,,"[{""mins"":8,""secs"":19}]",,RX,
12/22/2025,Monday - 12.22.2025,12:00 AMRAP400m Run22 Sit-Ups15 Air Squats,368,368,Reps,,"[{""reps"":368}]",Knees-to-chest instead of T2B today,SCALED,
12/25/2025,SKILL - Double Unders,Spend 12:00 practicing double unders.Rate how it felt.,4,4,Emoji Selection,,"[{""index"":4}]",,RX,
12/26/2025,Friday - 12.26.2025,20:00 AMRAP12 Deadlifts 185#/125#21 KB Swings 53#/35#30 Sit-Ups,188,188,Reps,,"[{""reps"":188}]",Cardio is coming back 💪,RX,
12/30/2025,Tuesday 12.30.2025 Coach Priya/Priya,"FOR TIME:50 Deadlifts 185#/125#40 Box Jumps 24""/20""30 Front Squats 115#/85#20 Pull-Ups10 Power Cleans 135#/95#",999,16:39,,,"[{""mins"":16,""secs"":39}]",,RX,
01/01/2026,Thursday 1.1.2026 Coach Val/Theo,20:00 EMOMMinute 1: 6 Hang Snatches 95#/65#Minute 2: 19 Sit-UpsMinute 3: 15 Push-UpsMinute 4: Rest,1,Yes,Checkbox,,"[{""boolean"":1}]",,RX,
01/03/2026,Saturday - 1.3.2026,FOR TIME:21-15-914 Push Press 75#/55#19 Cal Row,566,9:26,,,"[{""mins"":9,""secs"":26}]",,RX,
01/06/2026,STRENGTH - Back Squats,In a 20 minute windowBuild to a heavy single Back Squat.,260,260,Load,Back Squat,"[{""load"":260,""success"":true}]",PR and it moved fast,RX,PR
01/07/2026,STRENGTH - Front Squats,In a 20 minute windowBuild to a 1RM Front Squat.,205,205,Load,Front Squat,"[{""load"":205,""success"":true}]",205# — five pound PR,RX,PR
01/09/2026,STRENGTH - Bench Press,In a 20 minute windowBuild to a heavy single Bench Press.,200,200,Load,Bench Press,"[{""load"":200,""success"":true}]",Best engine day in a while 🔥,RX,
01/12/2026,Monday 1.12.2026 Coach Val/Jo,"FOR TIME:50 Deadlifts 185#/125#40 Front Squats 115#/85#30 Toes-to-Bar20 Box Step-Ups 24""/20""10 Push Press 75#/55#",1135,18:55,,,"[{""mins"":18,""secs"":55}]",First workout back — rough but happy to be in the gym,RX,
01/13/2026,Tuesday - 1.13.2026,16:00 EMOMMinute 1: 30 Sit-UpsMinute 2: 13 Wall Balls 20#/14#Minute 3: 26 Walking LungesMinute 4: Rest,139,139,Reps,,"[{""reps"":139}]",Felt strong — breathing stayed under control,RX,
01/14/2026,Wednesday - 1.14.2026,FOR TIME:50 Overhead Squats 95#/65#40 Cal Row30 Thrusters 95#/65#20 KB Swings 53#/35#10 Walking Lunges,1024,17:04,,,"[{""mins"":17,""secs"":4}]","Transitions killed me, need to move faster between stations",SCALED,
01/16/2026,Friday - 1.16.2026,FOR TIME:5 Rounds:19 Cal Row18 KB Swings 53#/35#25 Sit-Ups,697,11:37,,,"[{""mins"":11,""secs"":37}]",,RX,
01/19/2026,Monday - 1.19.2026,FOR TIME:5 Rounds:9 Pull-Ups53 Double Unders200m Run*13:00 TIME CAP,1041,17:21,,,"[{""mins"":17,""secs"":21}]",,RX,
01/23/2026,Friday - 1.23.2026,FOR TIME:21-15-911 Burpees3 Rope Climbs,360,6:00,,,"[{""mins"":6,""secs"":0}]",Cardio is coming back 💪,RX,
01/24/2026,Saturday - 1.24.2026,20:00 AMRAP13 Thrusters 95#/65#11 Toes-to-Bar11 Burpees,357,357,Reps,,"[{""reps"":357}]",Went lighter to keep moving the whole time,SCALED,
01/26/2026,Monday - 1.26.2026,12:00 EMOMMinute 1: 17 Push-UpsMinute 2: 14 Cal RowMinute 3: 21 Walking LungesMinute 4: Rest,1,Yes,Checkbox,,"[{""boolean"":1}]","Paced the row, sprinted the finish",SCALED,
01/28/2026,Box Jump: Max Height,Work to a max height box jump.15:00 window.,28,28,Inches,,"[{""inches"":28}]",,RX,PR
01/29/2026,Thursday - 1.29.2026,FOR TIME:5 Rounds:14 Pull-Ups12 Front Squats 115#/85#13 Burpees,462,7:42,,,"[{""mins"":7,""secs"":42}]",Knees-to-chest instead of T2B today,SCALED,
02/02/2026,Monday - 2.2.2026,FOR TIME:50 HSPU400m Run30 Push-Ups20 Burpees10 Cal Row,852,14:12,,,"[{""mins"":14,""secs"":12}]",Felt strong — breathing stayed under control,RX,
02/03/2026,Tuesday - 2.3.2026,12:00 AMRAP28 Air Squats8 Front Squats 115#/85#13 Push Press 75#/55#,245,245,Reps,,"[{""reps"":245}]",Legs were toast from yesterday,RX,
02/07/2026,Saturday - 2.7.2026,"FOR TIME:21-15-910 Burpees14 Box Step-Ups 24""/20""",435,7:15,,,"[{""mins"":7,""secs"":15}]",That one hurt. In a good way.,RX,
02/10/2026,Tuesday - 2.10.2026,"FOR TIME:50 Box Step-Ups 24""/20""40 Push-Ups30 Rope Climbs20 KB Swings 53#/35#10 Wall Balls 20#/14#",819,13:39,,,"[{""mins"":13,""secs"":39}]",Half the double unders as singles,SCALED,
02/11/2026,STRENGTH - Snatches,In a 20 minute windowBuild to a heavy triple Snatch.,130,130,Load,Snatch,"[{""load"":130,""success"":true}]",PR and it moved fast,RX,PR
02/12/2026,Thursday - 2.12.2026,FOR TIME:4 Rounds:14 Cal Row13 Toes-to-Bar12 Burpees,424,7:04,,,"[{""mins"":7,""secs"":4}]",Best engine day in a while 🔥,RX,
02/16/2026,Monday 2.16.2026 Coach Marcus/Priya,10:00 AMRAP7 HSPU200m Run16 Cal Row,7,7+1,Rounds + Reps,,"[{""rnds"":7,""reps"":1}]",Felt strong — breathing stayed under control,RX,
02/17/2026,Tuesday - 2.17.2026,FOR TIME:50 Wall Balls 20#/14#40 Walking Lunges30 Toes-to-Bar20 Air Squats10 Sit-Ups,1444,24:04,,,"[{""mins"":24,""secs"":4}]","Subbed step-ups for box jumps, knee acting up",SCALED,
02/20/2026,Friday 2.20.2026 Coach Val/Val,FOR TIME:50 Hang Snatches 95#/65#40 Double Unders30 Pull-Ups20 Front Squats 115#/85#10 Cal Row,1179,19:39,,,"[{""mins"":19,""secs"":39}]",,RX,
02/24/2026,Tuesday - 2.24.2026,"FOR TIME:50 Rope Climbs40 HSPU30 Pull-Ups20 Push-Ups10 Box Step-Ups 24""/20""",710,11:50,,,"[{""mins"":11,""secs"":50}]",Scaled the HSPU to pike push-ups,SCALED,
02/25/2026,Wednesday - 2.25.2026,FOR TIME:3 Rounds:12 Front Squats 115#/85#25 Walking Lunges15 Push-Ups,862,14:22,,,"[{""mins"":14,""secs"":22}]",Quick singles on the bar work paid off,RX,
02/27/2026,Open 26.1,"12:00 AMRAP2 Rope Climbs19 Box Step-Ups 24""/20""16 Push-Ups*CrossFit Open 26.1",241,241,Reps,,"[{""reps"":241}]",Friday Night Lights!,RX,
03/02/2026,Back Squat 5x5,"5 sets of 5 reps.Across, building from last week.",220,220,Load,Back Squat,"[{""load"":200,""success"":true},{""load"":205,""success"":true},{""load"":210,""success"":true}]",First workout back — rough but happy to be in the gym,RX,
03/03/2026,Box Jump: Max Height,Work to a max height box jump.15:00 window.,29,29,Inches,,"[{""inches"":29}]",Plates stacked on the big box,RX,PR
03/05/2026,Deadlift 3x5,"3 sets of 5 reps.Across, building from last week.",275,275,Load,Deadlift,"[{""load"":265,""success"":true},{""load"":270,""success"":true},{""load"":275,""success"":true}]",,RX,
03/06/2026,Open 26.2,12:00 AMRAP7 Hang Snatches 95#/65#18 Wall Balls 20#/14#12 Burpees*CrossFit Open 26.2,239,239,Reps,,"[{""reps"":239}]",Judged by a coach — every rep counted,SCALED,
03/09/2026,Front Squat 5x3,"5 sets of 3 reps.Across, building from last week.",180,180,Load,Front Squat,"[{""load"":160,""success"":true},{""load"":165,""success"":true},{""load"":170,""success"":true}]",,RX,
03/10/2026,Tuesday - 3.10.2026,10:00 AMRAP11 Deadlifts 185#/125#20 Cal Row13 Push Press 75#/55#,198,198,Reps,,"[{""reps"":198}]",Scaled to 65# — form over ego,SCALED,
03/13/2026,Open 26.3,12:00 AMRAP29 Air Squats200m Run21 Walking Lunges*CrossFit Open 26.3,191,191,Reps,,"[{""reps"":191}]",Friday Night Lights!,RX,
03/16/2026,Monday - 3.16.2026,20:00 EMOMMinute 1: 200m RunMinute 2: 19 KB Swings 53#/35#Minute 3: 12 BurpeesMinute 4: Rest,1,Yes,Checkbox,,"[{""boolean"":1}]","Unbroken on the first two rounds, then it fell apart",SCALED,
03/17/2026,Tuesday - 3.17.2026,FOR TIME:21-15-923 Sit-Ups22 Walking Lunges,514,8:34,,,"[{""mins"":8,""secs"":34}]",That one hurt. In a good way.,RX,
03/18/2026,STRENGTH - Bench Press,In a 20 minute windowBuild to a heavy single Bench Press.,190,190,Load,Bench Press,"[{""load"":190,""success"":true}]",Felt strong — breathing stayed under control,RX,
03/19/2026,Thursday - 3.19.2026,"FOR TIME:21-15-916 Box Step-Ups 24""/20""16 Cal Row",319,5:19,,,"[{""mins"":5,""secs"":19}]","Went out too hot, paid for it on round 3",RX,
03/23/2026,Monday - 3.23.2026,FOR TIME:50 Double Unders40 Toes-to-Bar30 Push Press 75#/55#20 Push-Ups10 Rope Climbs,1381,23:01,,,"[{""mins"":23,""secs"":1}]",Quick singles on the bar work paid off,RX,
03/25/2026,Push Press 3x5,"3 sets of 5 reps.Across, building from last week.",130,130,Load,Push Press,"[{""load"":120,""success"":true},{""load"":125,""success"":true},{""load"":130,""success"":true}]",Quick singles on the bar work paid off,RX,
03/30/2026,Monday - 3.30.2026,FOR TIME:21-15-918 Push-Ups200m Run,492,8:12,,,"[{""mins"":8,""secs"":12}]",Went lighter to keep moving the whole time,SCALED,
03/31/2026,Tuesday - 3.31.2026,"12:00 AMRAP13 Toes-to-Bar11 Wall Balls 20#/14#14 Box Step-Ups 24""/20""",153,153,Reps,,"[{""reps"":153}]",,RX,
04/08/2026,Box Jump: Max Height,Work to a max height box jump.15:00 window.,28,28,Inches,,"[{""inches"":28}]",Plates stacked on the big box,RX,
04/10/2026,"""FRAN""",FOR TIME:21-15-9Thrusters 95#/65#Pull-Ups,537,8:57,,,"[{""mins"":8,""secs"":57}]",Best engine day in a while 🔥,RX,
04/13/2026,Back Squat 5x3,"5 sets of 3 reps.Across, building from last week.",220,220,Load,Back Squat,"[{""load"":200,""success"":true},{""load"":205,""success"":true},{""load"":210,""success"":true}]","Paced the row, sprinted the finish",RX,
04/14/2026,Tuesday - 4.14.2026,FOR TIME:50 Push-Ups40 Double Unders30 Rope Climbs20 Burpees10 Pull-Ups,613,10:13,,,"[{""mins"":10,""secs"":13}]",Felt strong — breathing stayed under control,RX,
04/16/2026,Thursday 4.16.2026 Coach Jo/Marcus,FOR TIME:21-15-92 Rope Climbs8 Overhead Squats 95#/65#,338,5:38,,,"[{""mins"":5,""secs"":38}]","Went out too hot, paid for it on round 3",SCALED,
04/17/2026,Friday 4.17.2026 Coach Marcus/Marcus,16:00 EMOMMinute 1: 9 Front Squats 115#/85#Minute 2: 21 Sit-UpsMinute 3: 200m RunMinute 4: Rest,1,Yes,Checkbox,,"[{""boolean"":1}]",That one hurt. In a good way.,RX,
04/21/2026,STRENGTH - Front Squats,In a 20 minute windowBuild to a heavy single Front Squat.,210,210,Load,Front Squat,"[{""load"":210,""success"":true}]",PR and it moved fast,RX,PR
04/22/2026,Wednesday - 4.22.2026,20:00 AMRAP2 Rope Climbs200m Run11 Push Press 75#/55#,5,5+5,Rounds + Reps,,"[{""rnds"":5,""reps"":5}]","Subbed step-ups for box jumps, knee acting up",SCALED,
04/23/2026,Thursday 4.23.2026 Coach Dana/Dana,FOR TIME:21-15-9400m Run8 Thrusters 95#/65#,405,6:45,,,"[{""mins"":6,""secs"":45}]",Grip was the limiter today,RX,
04/24/2026,Friday - 4.24.2026,15:00 AMRAP15 KB Swings 53#/35#8 Burpees10 Overhead Squats 95#/65#,432,432,Reps,,"[{""reps"":432}]",Cardio is coming back 💪,RX,
04/27/2026,Monday - 4.27.2026,"FOR TIME:50 Walking Lunges400m Run30 HSPU20 Box Step-Ups 24""/20""10 Air Squats",804,13:24,,,"[{""mins"":13,""secs"":24}]",Scaled the HSPU to pike push-ups,SCALED,
05/01/2026,Friday - 5.1.2026,FOR TIME:21-15-913 Cal Row8 HSPU,471,7:51,,,"[{""mins"":7,""secs"":51}]",,SCALED,
05/04/2026,Back Squat 5x5,"5 sets of 5 reps.Across, building from last week.",220,220,Load,Back Squat,"[{""load"":200,""success"":true},{""load"":205,""success"":true},{""load"":210,""success"":true}]",,RX,
05/06/2026,Wednesday - 5.6.2026,FOR TIME:21-15-919 KB Swings 53#/35#10 Push Press 75#/55#,406,6:46,,,"[{""mins"":6,""secs"":46}]",Cardio is coming back 💪,SCALED,
05/11/2026,Monday - 5.11.2026,12:00 EMOMMinute 1: 9 Hang Snatches 95#/65#Minute 2: 7 HSPUMinute 3: 10 Thrusters 95#/65#Minute 4: Rest,215,215,Reps,,"[{""reps"":215}]",Kept all sets of 5 touch and go,RX,
05/12/2026,STRENGTH - Front Squats,In a 20 minute windowBuild to a heavy single Front Squat.,230,230,Load,Front Squat,"[{""load"":230,""success"":true}]",230# — five pound PR,RX,PR
05/13/2026,Wednesday - 5.13.2026,16:00 EMOMMinute 1: 15 Pull-UpsMinute 2: 26 Sit-UpsMinute 3: 200m RunMinute 4: Rest,1,Yes,Checkbox,,"[{""boolean"":1}]",,RX,
05/15/2026,Friday - 5.15.2026,FOR TIME:21-15-915 Cal Row10 Burpees,715,11:55,,,"[{""mins"":11,""secs"":55}]",First workout back — rough but happy to be in the gym,SCALED,
05/18/2026,Monday - 5.18.2026,FOR TIME:50 Sit-Ups40 Rope Climbs200m Run20 HSPU10 Push-Ups,962,16:02,,,"[{""mins"":16,""secs"":2}]",,RX,
05/21/2026,Thursday - 5.21.2026,FOR TIME:21-15-910 Push Press 75#/55#9 Toes-to-Bar,584,9:44,,,"[{""mins"":9,""secs"":44}]","Slow and steady, just wanted to move today",RX,
05/23/2026,SKILL - Handstands,Spend 12:00 practicing handstands.Rate how it felt.,2,2,Emoji Selection,,"[{""index"":2}]",Shoulder felt good again finally,RX,
05/25/2026,"""MURPH""","FOR TIME:1 Mile Run100 Pull-Ups200 Push-Ups300 Air Squats1 Mile Run*Partition the pull-ups, push-ups, and squats as needed.",3017,50:17,,,"[{""mins"":50,""secs"":17}]",Murph with the whole gym. Brutal and great.,RX,PR
05/27/2026,Wednesday - 5.27.2026,FOR TIME:4 Rounds:13 Burpees9 Power Cleans 135#/95#9 HSPU*18:00 TIME CAP,433,7:13,,,"[{""mins"":7,""secs"":13}]","Coach fixed my pull timing, huge difference",RX,
05/28/2026,Thursday - 5.28.2026,12:00 EMOMMinute 1: 12 Front Squats 115#/85#Minute 2: 15 Toes-to-BarMinute 3: 7 Hang Snatches 95#/65#Minute 4: Rest,157,157,Reps,,"[{""reps"":157}]",,RX,
06/02/2026,Tuesday - 6.2.2026,"15:00 AMRAP17 Cal Row15 Box Jumps 24""/20""20 Push-Ups",265,265,Reps,,"[{""reps"":265}]",Scaled the HSPU to pike push-ups,SCALED,
06/10/2026,Snatch 5x3,"5 sets of 3 reps.Across, building from last week.",110,110,Load,Snatch,"[{""load"":90,""success"":true},{""load"":95,""success"":true},{""load"":100,""success"":true}]",,RX,
06/11/2026,Thursday - 6.11.2026,FOR TIME:5 Rounds:21 KB Swings 53#/35#19 Sit-Ups15 Wall Balls 20#/14#*14:00 TIME CAP,677,11:17,,,"[{""mins"":11,""secs"":17}]","Subbed step-ups for box jumps, knee acting up",SCALED,
06/12/2026,Friday - 6.12.2026,12:00 AMRAP21 Walking Lunges12 Thrusters 95#/65#400m Run,132,132,Reps,,"[{""reps"":132}]",Half the double unders as singles,SCALED,
06/13/2026,Saturday - 6.13.2026,FOR TIME:21-15-933 Double Unders200m Run,628,10:28,,,"[{""mins"":10,""secs"":28}]",,SCALED,
06/15/2026,Monday - 6.15.2026,FOR TIME:50 Overhead Squats 95#/65#40 HSPU30 Toes-to-Bar20 Cal Row10 Sit-Ups,1157,19:17,,,"[{""mins"":19,""secs"":17}]",,RX,
06/16/2026,Tuesday - 6.16.2026,10:00 AMRAP13 Cal Row20 KB Swings 53#/35#200m Run,265,265,Reps,,"[{""reps"":265}]","Banded pull-ups, still building back strength",SCALED,
06/26/2026,Post-WOD Core,3 Rounds:15 Hollow Rocks20 Flutter Kicks30s Plank,1,Yes,Checkbox,,"[{""boolean"":1}]",,RX,
06/29/2026,Monday - 6.29.2026,20:00 AMRAP23 Walking Lunges42 Double Unders12 Burpees,144,144,Reps,,"[{""reps"":144}]","Slow and steady, just wanted to move today",SCALED,
06/30/2026,Tuesday 6.30.2026 Coach Priya/Dana,10:00 AMRAP10 Hang Snatches 95#/65#17 Cal Row27 Walking Lunges,90,90,Reps,,"[{""reps"":90}]",Legs were toast from yesterday,RX,
07/01/2026,Power Clean 3x5,"3 sets of 5 reps.Across, building from last week.",160,160,Load,Power Clean,"[{""load"":150,""success"":true},{""load"":155,""success"":true},{""load"":160,""success"":true}]",,RX,
